<?xml version="1.0" encoding="UTF-8"?>
<project-private xmlns="http://www.netbeans.org/ns/project-private/1">
    <editor-bookmarks xmlns="http://www.netbeans.org/ns/editor-bookmarks/2" lastBookmarkId="0"/>
    <open-files xmlns="http://www.netbeans.org/ns/projectui-open-files/2">
        <group>
            <file>file:/C:/cute%20work/drive%201/Sheridan/Semester%202/SYST17796%20Fundamentals%20of%20Software%20Design%20and%20Development/Deliverable%201/SYST17796_ProjectStarterCode/src/ca/sheridancollege/project/GroupOfCards.java</file>
            <file>file:/C:/cute%20work/drive%201/Sheridan/Semester%202/SYST17796%20Fundamentals%20of%20Software%20Design%20and%20Development/Deliverable%201/SYST17796_ProjectStarterCode/src/ca/sheridancollege/project/Game.java</file>
            <file>file:/C:/cute%20work/drive%201/Sheridan/Semester%202/SYST17796%20Fundamentals%20of%20Software%20Design%20and%20Development/Deliverable%201/SYST17796_ProjectStarterCode/src/ca/sheridancollege/project/GoFishGame.java</file>
            <file>file:/C:/cute%20work/drive%201/Sheridan/Semester%202/SYST17796%20Fundamentals%20of%20Software%20Design%20and%20Development/Deliverable%201/SYST17796_ProjectStarterCode/src/ca/sheridancollege/project/Card.java</file>
            <file>file:/C:/cute%20work/drive%201/Sheridan/Semester%202/SYST17796%20Fundamentals%20of%20Software%20Design%20and%20Development/Deliverable%201/SYST17796_ProjectStarterCode/src/ca/sheridancollege/project/Player.java</file>
        </group>
    </open-files>
</project-private>
